<?xml version="1.0" encoding="UTF-8"?>
<definitions xmlns="http://www.omg.org/spec/BPMN/20100524/MODEL" xmlns:xsi="http://www.w3.org/2001/XMLSchema-instance" xmlns:xsd="http://www.w3.org/2001/XMLSchema" xmlns:flowable="http://flowable.org/bpmn" xmlns:bpmndi="http://www.omg.org/spec/BPMN/20100524/DI" xmlns:omgdc="http://www.omg.org/spec/DD/20100524/DC" xmlns:omgdi="http://www.omg.org/spec/DD/20100524/DI" typeLanguage="http://www.w3.org/2001/XMLSchema" expressionLanguage="http://www.w3.org/1999/XPath" targetNamespace="http://www.signavio.com" exporter="Flowable Open Source Modeler" exporterVersion="6.8.0">
  <signal id="escalation" name="Escalation" flowable:scope="processInstance"></signal>
  <process id="bpmn4tosca-overallXX" name="BPMN4TOSCA-OVERALLXX" isExecutable="true">
    <extensionElements>
      <flowable:executionListener event="start" class="org.flowable.engine.impl.bpmn.listener.ScriptExecutionListener">
        <flowable:field name="language">
          <flowable:string><![CDATA[groovy]]></flowable:string>
        </flowable:field>
        <flowable:field name="script">
          <flowable:string><![CDATA[def timestamp = System.currentTimeMillis() / 1000.0;
println "@TIMELOG " + templateName + " DEPLOY_START ${timestamp}";
def businessKey = UUID.randomUUID().toString();execution.setVariable('businessKey', businessKey);
runtimeService.updateBusinessKey(execution.getId(), businessKey);
//println "BPMN4ToscaOverall Business Key:  " + execution.getProcessInstanceBusinessKey();]]></flowable:string>
        </flowable:field>
      </flowable:executionListener>
      <flowable:executionListener event="end" class="org.flowable.engine.impl.bpmn.listener.ScriptExecutionListener">
        <flowable:field name="language">
          <flowable:string><![CDATA[groovy]]></flowable:string>
        </flowable:field>
        <flowable:field name="script">
          <flowable:string><![CDATA[def timestamp = System.currentTimeMillis() / 1000.0; println "@TIMELOG " + templateName + " DEPLOY_END ${timestamp}";]]></flowable:string>
        </flowable:field>
      </flowable:executionListener>
    </extensionElements>
    <startEvent id="sid-2D83E14F-7BD1-4546-BC93-7838AAE30FEF" name="begin" flowable:formFieldValidation="true"></startEvent>
    <subProcess id="sid-A7813BE5-A744-4D45-B04F-376B527A943B" name="Instantiate Node">
      <multiInstanceLoopCharacteristics isSequential="false" flowable:collection="jnodes" flowable:elementVariable="jnode">
        <extensionElements></extensionElements>
      </multiInstanceLoopCharacteristics>
      <startEvent id="sid-ACC41E62-76DA-4E97-8B60-9FF419117239" flowable:formFieldValidation="true">
        <extensionElements>
          <flowable:executionListener event="start" class="org.flowable.engine.impl.bpmn.listener.ScriptExecutionListener">
            <flowable:field name="language">
              <flowable:string><![CDATA[groovy]]></flowable:string>
            </flowable:field>
            <flowable:field name="script">
              <flowable:string><![CDATA[import com.fasterxml.jackson.databind.JsonNode; 
import com.fasterxml.jackson.databind.ObjectMapper; 
import it.unict.bpmn4tosca.model.DeploymentNode;  

ObjectMapper mapper = new ObjectMapper();
JsonNode jnode = execution.getVariable("jnode"); 
if(jnode != null) {
    DeploymentNode node = mapper.treeToValue(jnode.get("node"), DeploymentNode.class);    
    JsonNode used_attributes = jnode.get("used_attributes");   
    execution.setVariableLocal("node", node);
    execution.setVariableLocal("used_attributes", used_attributes.toString());
}]]></flowable:string>
            </flowable:field>
          </flowable:executionListener>
        </extensionElements>
      </startEvent>
      <endEvent id="sid-600494D2-F452-45C0-AEDD-7581BFDCAC0E"></endEvent>
      <callActivity id="sid-EF8C9D66-6808-4E2A-9ADD-341AAA442773" name="deploy &lt;package&gt;" calledElement="deploypackagexx" flowable:calledElementType="key" flowable:processInstanceName="${node.name}" flowable:inheritBusinessKey="true" flowable:completeAsync="true" flowable:fallbackToDefaultTenant="false">
        <extensionElements>
          <flowable:in source="node" target="node"></flowable:in>
          <flowable:in source="serviceBrokerURI" target="serviceBrokerURI"></flowable:in>
        </extensionElements>
      </callActivity>
      <callActivity id="sid-EF8C9D66-6808-4E2A-9ADD-341AAA442774" name="create &lt;cloud resource&gt;" calledElement="createservicex" flowable:calledElementType="key" flowable:processInstanceName="${node.name}" flowable:inheritBusinessKey="true" flowable:completeAsync="true" flowable:fallbackToDefaultTenant="false">
        <extensionElements>
          <flowable:in source="node" target="node"></flowable:in>
          <flowable:in source="retryCounter" target="retryCounter"></flowable:in>
          <flowable:in source="checkPeriod" target="checkPeriod"></flowable:in>
          <flowable:in source="createTimeout" target="createTimeout"></flowable:in>
          <flowable:in source="serviceBrokerURI" target="serviceBrokerURI"></flowable:in>
          <flowable:executionListener event="start" class="org.flowable.engine.impl.bpmn.listener.ScriptExecutionListener">
            <flowable:field name="language">
              <flowable:string><![CDATA[groovy]]></flowable:string>
            </flowable:field>
            <flowable:field name="script">
              <flowable:string><![CDATA[import it.unict.bpmn4tosca.model.DeploymentNode;
def timestamp = System.currentTimeMillis() / 1000.0;
DeploymentNode node = execution.getVariable("node");
println "@TIMELOG " + node.getTemplate() + " START " + node.getName() + " ${timestamp}";              
]]></flowable:string>
            </flowable:field>
          </flowable:executionListener>
          <flowable:executionListener event="end" class="org.flowable.engine.impl.bpmn.listener.ScriptExecutionListener">
            <flowable:field name="language">
              <flowable:string><![CDATA[groovy]]></flowable:string>
            </flowable:field>
            <flowable:field name="script">
              <flowable:string><![CDATA[import it.unict.bpmn4tosca.model.DeploymentNode;
def timestamp = System.currentTimeMillis() / 1000.0;
DeploymentNode node = execution.getVariable("node");
println "@TIMELOG " + node.getTemplate() + " END " + node.getName() + " ${timestamp}";]]></flowable:string>
            </flowable:field>
          </flowable:executionListener>
        </extensionElements>
      </callActivity>
      <exclusiveGateway id="sid-D47AE74D-DF22-45FC-9F8B-2490806AF7C8"></exclusiveGateway>
      <exclusiveGateway id="sid-DCC2E0CB-85B7-415E-9348-FF3F7DBAD171"></exclusiveGateway>
      <intermediateThrowEvent id="sid-54DED2D5-EDF7-41C7-835D-45637B60F2F0" name="cloud resource error">
        <signalEventDefinition signalRef="escalation"></signalEventDefinition>
      </intermediateThrowEvent>
      <intermediateThrowEvent id="sid-5B79A65C-A5BE-426B-8577-D22F133D2BBA" name="package error">
        <signalEventDefinition signalRef="escalation"></signalEventDefinition>
      </intermediateThrowEvent>
      <callActivity id="sid-B42E9911-8C80-4392-8904-3539C994652C" name="create &lt;cloud resource&gt;" calledElement="createservicex" flowable:calledElementType="key" flowable:inheritBusinessKey="true" flowable:completeAsync="true" flowable:fallbackToDefaultTenant="false">
        <extensionElements>
          <flowable:in source="node" target="node"></flowable:in>
          <flowable:in source="retryCounter" target="retryCounter"></flowable:in>
          <flowable:in source="checkPeriod" target="checkPeriod"></flowable:in>
          <flowable:in source="createTimeout" target="createTimeout"></flowable:in>
          <flowable:in source="serviceBrokerURI" target="serviceBrokerURI"></flowable:in>
        </extensionElements>
      </callActivity>
      <boundaryEvent id="sid-41B3294C-B188-4F51-AFEB-75415A5F765E" name="any error" attachedToRef="sid-B42E9911-8C80-4392-8904-3539C994652C">
        <errorEventDefinition flowable:errorVariableLocalScope="false" flowable:errorVariableTransient="false"></errorEventDefinition>
      </boundaryEvent>
      <callActivity id="sid-5BB55E0D-D6A3-4FCC-8653-BAE7FB515B1E" name="create &lt;deployment unit&gt;" calledElement="createdeploymentunit" flowable:calledElementType="key" flowable:processInstanceName="${node.name}" flowable:inheritBusinessKey="true" flowable:completeAsync="true" flowable:fallbackToDefaultTenant="false">
        <extensionElements>
          <flowable:in source="node" target="node"></flowable:in>
          <flowable:in source="retryCounter" target="retryCounter"></flowable:in>
          <flowable:in source="checkPeriod" target="checkPeriod"></flowable:in>
          <flowable:in source="createTimeout" target="createTimeout"></flowable:in>
          <flowable:in source="serviceBrokerURI" target="serviceBrokerURI"></flowable:in>
          <flowable:in source="used_attributes" target="used_attributes"></flowable:in>
          <flowable:executionListener event="start" class="org.flowable.engine.impl.bpmn.listener.ScriptExecutionListener">
            <flowable:field name="language">
              <flowable:string><![CDATA[groovy]]></flowable:string>
            </flowable:field>
            <flowable:field name="script">
              <flowable:string><![CDATA[import it.unict.bpmn4tosca.model.DeploymentNode;
def timestamp = System.currentTimeMillis() / 1000.0;
DeploymentNode node = execution.getVariable("node");
println "@TIMELOG " + node.getTemplate() + " START " + node.getName() + " ${timestamp}"; ]]></flowable:string>
            </flowable:field>
          </flowable:executionListener>
          <flowable:executionListener event="end" class="org.flowable.engine.impl.bpmn.listener.ScriptExecutionListener">
            <flowable:field name="language">
              <flowable:string><![CDATA[groovy]]></flowable:string>
            </flowable:field>
            <flowable:field name="script">
              <flowable:string><![CDATA[import it.unict.bpmn4tosca.model.DeploymentNode;
def timestamp = System.currentTimeMillis() / 1000.0;
DeploymentNode node = execution.getVariable("node");
println "@TIMELOG " + node.getTemplate() + " END " + node.getName() + " ${timestamp}";]]></flowable:string>
            </flowable:field>
          </flowable:executionListener>
        </extensionElements>
      </callActivity>
      <intermediateThrowEvent id="sid-2487CBDB-4632-4B33-A480-EDC500E6C0C3" name="du error">
        <signalEventDefinition signalRef="escalation"></signalEventDefinition>
      </intermediateThrowEvent>
      <boundaryEvent id="sid-9836F998-1615-423C-B758-DFA71F4820E8" name="any error" attachedToRef="sid-EF8C9D66-6808-4E2A-9ADD-341AAA442774">
        <errorEventDefinition flowable:errorVariableLocalScope="false" flowable:errorVariableTransient="false"></errorEventDefinition>
      </boundaryEvent>
      <boundaryEvent id="sid-E924E390-BE71-4574-8156-C89D07B6B111" name="any error" attachedToRef="sid-5BB55E0D-D6A3-4FCC-8653-BAE7FB515B1E">
        <errorEventDefinition flowable:errorVariableLocalScope="false" flowable:errorVariableTransient="false"></errorEventDefinition>
      </boundaryEvent>
      <boundaryEvent id="sid-479AB990-1A44-4749-839A-AE80C17A72E3" name="any error" attachedToRef="sid-EF8C9D66-6808-4E2A-9ADD-341AAA442773">
        <errorEventDefinition flowable:errorVariableLocalScope="false" flowable:errorVariableTransient="false"></errorEventDefinition>
      </boundaryEvent>
      <sequenceFlow id="sid-03C53F81-7F69-45E8-B9F9-4021D23999CC" sourceRef="sid-EF8C9D66-6808-4E2A-9ADD-341AAA442774" targetRef="sid-DCC2E0CB-85B7-415E-9348-FF3F7DBAD171"></sequenceFlow>
      <sequenceFlow id="sid-354442CD-613F-437F-ACE4-6A1378E9EFC3" sourceRef="sid-EF8C9D66-6808-4E2A-9ADD-341AAA442773" targetRef="sid-DCC2E0CB-85B7-415E-9348-FF3F7DBAD171"></sequenceFlow>
      <sequenceFlow id="sid-38382C0B-46F8-4BD9-8A5D-4F83BF3667B5" sourceRef="sid-DCC2E0CB-85B7-415E-9348-FF3F7DBAD171" targetRef="sid-600494D2-F452-45C0-AEDD-7581BFDCAC0E"></sequenceFlow>
      <sequenceFlow id="sid-718595F6-7E40-4D84-A55F-9750A2333B86" sourceRef="sid-5BB55E0D-D6A3-4FCC-8653-BAE7FB515B1E" targetRef="sid-DCC2E0CB-85B7-415E-9348-FF3F7DBAD171"></sequenceFlow>
      <sequenceFlow id="sid-8E3782FF-23A4-49B8-88B4-09BAA1CA245D" sourceRef="sid-479AB990-1A44-4749-839A-AE80C17A72E3" targetRef="sid-5B79A65C-A5BE-426B-8577-D22F133D2BBA"></sequenceFlow>
      <sequenceFlow id="sid-20F6B9AF-2F40-46D9-B0AA-740FEB3B63F3" sourceRef="sid-E924E390-BE71-4574-8156-C89D07B6B111" targetRef="sid-2487CBDB-4632-4B33-A480-EDC500E6C0C3">
        <extensionElements>
          <flowable:executionListener event="start" class="org.flowable.engine.impl.bpmn.listener.ScriptExecutionListener">
            <flowable:field name="language">
              <flowable:string><![CDATA[groovy]]></flowable:string>
            </flowable:field>
            <flowable:field name="script">
              <flowable:string><![CDATA[println "Deployment Unit escalation triggered";]]></flowable:string>
            </flowable:field>
          </flowable:executionListener>
        </extensionElements>
      </sequenceFlow>
      <sequenceFlow id="sid-158D397E-65C2-430C-97B8-44CF8DC3381E" sourceRef="sid-9836F998-1615-423C-B758-DFA71F4820E8" targetRef="sid-54DED2D5-EDF7-41C7-835D-45637B60F2F0">
        <extensionElements>
          <flowable:executionListener event="start" class="org.flowable.engine.impl.bpmn.listener.ScriptExecutionListener">
            <flowable:field name="language">
              <flowable:string><![CDATA[groovy]]></flowable:string>
            </flowable:field>
            <flowable:field name="script">
              <flowable:string><![CDATA[println "Cloud resource escalation triggered";]]></flowable:string>
            </flowable:field>
          </flowable:executionListener>
        </extensionElements>
      </sequenceFlow>
      <sequenceFlow id="sid-9612124B-DBE4-4CB3-BD85-19D9659A7FA0" sourceRef="sid-ACC41E62-76DA-4E97-8B60-9FF419117239" targetRef="sid-D47AE74D-DF22-45FC-9F8B-2490806AF7C8"></sequenceFlow>
      <sequenceFlow id="sid-0B2EF226-36B6-4100-B8AC-2A1E40A85A99" name="du" sourceRef="sid-D47AE74D-DF22-45FC-9F8B-2490806AF7C8" targetRef="sid-5BB55E0D-D6A3-4FCC-8653-BAE7FB515B1E">
        <conditionExpression xsi:type="tFormalExpression"><![CDATA[${node.type == 'du'}]]></conditionExpression>
      </sequenceFlow>
      <sequenceFlow id="sid-B71F72DC-74AB-4AAA-AC5A-F5E905F3306D" name="cloud resource" sourceRef="sid-D47AE74D-DF22-45FC-9F8B-2490806AF7C8" targetRef="sid-EF8C9D66-6808-4E2A-9ADD-341AAA442774">
        <conditionExpression xsi:type="tFormalExpression"><![CDATA[${node.type == 'resource'}]]></conditionExpression>
      </sequenceFlow>
      <sequenceFlow id="sid-741B9A73-C91B-4227-8DAA-E63056DB7492" name="package" sourceRef="sid-D47AE74D-DF22-45FC-9F8B-2490806AF7C8" targetRef="sid-EF8C9D66-6808-4E2A-9ADD-341AAA442773">
        <conditionExpression xsi:type="tFormalExpression"><![CDATA[${node.type == 'package'}]]></conditionExpression>
      </sequenceFlow>
    </subProcess>
    <endEvent id="sid-B2BA4B9A-11DE-443D-9BBC-7962523F3302" name="complete"></endEvent>
    <endEvent id="sid-5871BCD1-9FF0-4870-80A3-24C8A04069A1" name="end escalation"></endEvent>
    <scriptTask id="sid-182603B1-1ACA-40C3-809C-A4A7E115568F" name="perform escalation" scriptFormat="groovy" flowable:autoStoreVariables="false">
      <script><![CDATA[println "Escalation for Execution ID: " + execution.getId();]]></script>
    </scriptTask>
    <scriptTask id="sid-ED4C308F-F9D4-41CA-9076-906C824DBBD8" name="init" scriptFormat="groovy" flowable:autoStoreVariables="false">
      <script><![CDATA[import com.fasterxml.jackson.databind.ObjectMapper;
import com.fasterxml.jackson.databind.JsonNode;
import it.unict.bpmn4tosca.model.Node;
import it.unict.bpmn4tosca.model.DeploymentNode;

ObjectMapper mapper = new ObjectMapper();
//List<Node> nodes = mapper.readValue(jsonInput, mapper.getTypeFactory().constructCollectionType(List.class, Node.class));
//println "jsonInput is " + jsonInput;
//println "templateName is " + templateName;
//JsonNode jsonNode = mapper.readTree(jsonInput));
List<JsonNode> jnodes = mapper.readValue(jsonInput, mapper.getTypeFactory().constructCollectionType(List.class, JsonNode.class));
//List<Node> nodes = mapper.readValue(jsonInput, mapper.getTypeFactory().constructCollectionType(List.class, DeploymentNode.class));

execution.setVariable("jnodes", jnodes);]]></script>
    </scriptTask>
    <sequenceFlow id="sid-616D4B7A-3D85-4D81-8F72-3194300F4C02" sourceRef="sid-A7813BE5-A744-4D45-B04F-376B527A943B" targetRef="sid-B2BA4B9A-11DE-443D-9BBC-7962523F3302"></sequenceFlow>
    <sequenceFlow id="sid-1EA35E91-49FF-47DD-886A-A316EF81C505" sourceRef="sid-182603B1-1ACA-40C3-809C-A4A7E115568F" targetRef="sid-5871BCD1-9FF0-4870-80A3-24C8A04069A1"></sequenceFlow>
    <sequenceFlow id="sid-8D65B5DD-59D2-4AF7-9A39-CD10B3DAA75C" sourceRef="sid-2D83E14F-7BD1-4546-BC93-7838AAE30FEF" targetRef="sid-ED4C308F-F9D4-41CA-9076-906C824DBBD8"></sequenceFlow>
    <sequenceFlow id="sid-BBB6B4F9-AD68-459B-BAE7-AF218A61AB63" sourceRef="sid-ED4C308F-F9D4-41CA-9076-906C824DBBD8" targetRef="sid-A7813BE5-A744-4D45-B04F-376B527A943B"></sequenceFlow>
    <sequenceFlow id="sid-8E1F0139-C103-4CF7-80AC-EE44A74926ED" sourceRef="sid-0447876F-F5A8-42CC-90D7-5C559B7DA234" targetRef="sid-182603B1-1ACA-40C3-809C-A4A7E115568F"></sequenceFlow>
    <boundaryEvent id="sid-0447876F-F5A8-42CC-90D7-5C559B7DA234" name="error escalation" attachedToRef="sid-A7813BE5-A744-4D45-B04F-376B527A943B" cancelActivity="false">
      <signalEventDefinition signalRef="escalation"></signalEventDefinition>
    </boundaryEvent>
  </process>
  <bpmndi:BPMNDiagram id="BPMNDiagram_bpmn4tosca-overallXX">
    <bpmndi:BPMNPlane bpmnElement="bpmn4tosca-overallXX" id="BPMNPlane_bpmn4tosca-overallXX">
      <bpmndi:BPMNShape bpmnElement="sid-2D83E14F-7BD1-4546-BC93-7838AAE30FEF" id="BPMNShape_sid-2D83E14F-7BD1-4546-BC93-7838AAE30FEF">
        <omgdc:Bounds height="30.0" width="30.0" x="38.235830192124666" y="232.17802886163304"></omgdc:Bounds>
      </bpmndi:BPMNShape>
      <bpmndi:BPMNShape bpmnElement="sid-A7813BE5-A744-4D45-B04F-376B527A943B" id="BPMNShape_sid-A7813BE5-A744-4D45-B04F-376B527A943B">
        <omgdc:Bounds height="407.6363157133758" width="712.3692120482688" x="405.0" y="43.359871004945205"></omgdc:Bounds>
      </bpmndi:BPMNShape>
      <bpmndi:BPMNShape bpmnElement="sid-ACC41E62-76DA-4E97-8B60-9FF419117239" id="BPMNShape_sid-ACC41E62-76DA-4E97-8B60-9FF419117239">
        <omgdc:Bounds height="30.0" width="30.0" x="442.76416980787553" y="231.26999335134542"></omgdc:Bounds>
      </bpmndi:BPMNShape>
      <bpmndi:BPMNShape bpmnElement="sid-600494D2-F452-45C0-AEDD-7581BFDCAC0E" id="BPMNShape_sid-600494D2-F452-45C0-AEDD-7581BFDCAC0E">
        <omgdc:Bounds height="28.0" width="28.0" x="1050.0" y="232.26999335134542"></omgdc:Bounds>
      </bpmndi:BPMNShape>
      <bpmndi:BPMNShape bpmnElement="sid-EF8C9D66-6808-4E2A-9ADD-341AAA442773" id="BPMNShape_sid-EF8C9D66-6808-4E2A-9ADD-341AAA442773">
        <omgdc:Bounds height="80.00000000000006" width="161.3098474958672" x="638.7641698078755" y="322.4076984887172"></omgdc:Bounds>
      </bpmndi:BPMNShape>
      <bpmndi:BPMNShape bpmnElement="sid-EF8C9D66-6808-4E2A-9ADD-341AAA442774" id="BPMNShape_sid-EF8C9D66-6808-4E2A-9ADD-341AAA442774">
        <omgdc:Bounds height="80.00000000000006" width="161.3098474958672" x="638.7641698078755" y="90.0"></omgdc:Bounds>
      </bpmndi:BPMNShape>
      <bpmndi:BPMNShape bpmnElement="sid-D47AE74D-DF22-45FC-9F8B-2490806AF7C8" id="BPMNShape_sid-D47AE74D-DF22-45FC-9F8B-2490806AF7C8">
        <omgdc:Bounds height="40.0" width="40.0" x="547.7641698078755" y="226.26999335134542"></omgdc:Bounds>
      </bpmndi:BPMNShape>
      <bpmndi:BPMNShape bpmnElement="sid-DCC2E0CB-85B7-415E-9348-FF3F7DBAD171" id="BPMNShape_sid-DCC2E0CB-85B7-415E-9348-FF3F7DBAD171">
        <omgdc:Bounds height="40.0" width="40.0" x="952.7641698078755" y="226.26999335134542"></omgdc:Bounds>
      </bpmndi:BPMNShape>
      <bpmndi:BPMNShape bpmnElement="sid-54DED2D5-EDF7-41C7-835D-45637B60F2F0" id="BPMNShape_sid-54DED2D5-EDF7-41C7-835D-45637B60F2F0">
        <omgdc:Bounds height="30.0" width="30.0" x="877.7641698078755" y="136.59487337725383"></omgdc:Bounds>
      </bpmndi:BPMNShape>
      <bpmndi:BPMNShape bpmnElement="sid-5B79A65C-A5BE-426B-8577-D22F133D2BBA" id="BPMNShape_sid-5B79A65C-A5BE-426B-8577-D22F133D2BBA">
        <omgdc:Bounds height="30.0" width="30.0" x="877.7641698078755" y="370.06533566642804"></omgdc:Bounds>
      </bpmndi:BPMNShape>
      <bpmndi:BPMNShape bpmnElement="sid-B42E9911-8C80-4392-8904-3539C994652C" id="BPMNShape_sid-B42E9911-8C80-4392-8904-3539C994652C">
        <omgdc:Bounds height="79.99999999999994" width="161.3098474958672" x="667.7641698078755" y="745.6317144957166"></omgdc:Bounds>
      </bpmndi:BPMNShape>
      <bpmndi:BPMNShape bpmnElement="sid-41B3294C-B188-4F51-AFEB-75415A5F765E" id="BPMNShape_sid-41B3294C-B188-4F51-AFEB-75415A5F765E">
        <omgdc:Bounds height="29.999999999999943" width="30.0" x="814.7641698078755" y="781.6317144957166"></omgdc:Bounds>
      </bpmndi:BPMNShape>
      <bpmndi:BPMNShape bpmnElement="sid-5BB55E0D-D6A3-4FCC-8653-BAE7FB515B1E" id="BPMNShape_sid-5BB55E0D-D6A3-4FCC-8653-BAE7FB515B1E">
        <omgdc:Bounds height="82.0" width="157.0" x="640.9190935558091" y="205.0"></omgdc:Bounds>
      </bpmndi:BPMNShape>
      <bpmndi:BPMNShape bpmnElement="sid-2487CBDB-4632-4B33-A480-EDC500E6C0C3" id="BPMNShape_sid-2487CBDB-4632-4B33-A480-EDC500E6C0C3">
        <omgdc:Bounds height="30.0" width="30.0" x="877.7641698078755" y="251.24963367695204"></omgdc:Bounds>
      </bpmndi:BPMNShape>
      <bpmndi:BPMNShape bpmnElement="sid-9836F998-1615-423C-B758-DFA71F4820E8" id="BPMNShape_sid-9836F998-1615-423C-B758-DFA71F4820E8">
        <omgdc:Bounds height="30.0" width="30.0" x="785.7641698078755" y="137.0"></omgdc:Bounds>
      </bpmndi:BPMNShape>
      <bpmndi:BPMNShape bpmnElement="sid-E924E390-BE71-4574-8156-C89D07B6B111" id="BPMNShape_sid-E924E390-BE71-4574-8156-C89D07B6B111">
        <omgdc:Bounds height="30.0" width="30.0" x="783.9190935558091" y="251.0"></omgdc:Bounds>
      </bpmndi:BPMNShape>
      <bpmndi:BPMNShape bpmnElement="sid-479AB990-1A44-4749-839A-AE80C17A72E3" id="BPMNShape_sid-479AB990-1A44-4749-839A-AE80C17A72E3">
        <omgdc:Bounds height="30.0" width="30.0" x="785.7641698078755" y="370.4076984887172"></omgdc:Bounds>
      </bpmndi:BPMNShape>
      <bpmndi:BPMNShape bpmnElement="sid-B2BA4B9A-11DE-443D-9BBC-7962523F3302" id="BPMNShape_sid-B2BA4B9A-11DE-443D-9BBC-7962523F3302">
        <omgdc:Bounds height="28.0" width="28.0" x="1185.0" y="233.3598710049452"></omgdc:Bounds>
      </bpmndi:BPMNShape>
      <bpmndi:BPMNShape bpmnElement="sid-5871BCD1-9FF0-4870-80A3-24C8A04069A1" id="BPMNShape_sid-5871BCD1-9FF0-4870-80A3-24C8A04069A1">
        <omgdc:Bounds height="28.0" width="28.0" x="1312.7641698078755" y="73.81699964331375"></omgdc:Bounds>
      </bpmndi:BPMNShape>
      <bpmndi:BPMNShape bpmnElement="sid-182603B1-1ACA-40C3-809C-A4A7E115568F" id="BPMNShape_sid-182603B1-1ACA-40C3-809C-A4A7E115568F">
        <omgdc:Bounds height="80.0" width="100.0" x="1167.7641698078755" y="47.81699964331375"></omgdc:Bounds>
      </bpmndi:BPMNShape>
      <bpmndi:BPMNShape bpmnElement="sid-ED4C308F-F9D4-41CA-9076-906C824DBBD8" id="BPMNShape_sid-ED4C308F-F9D4-41CA-9076-906C824DBBD8">
        <omgdc:Bounds height="80.0" width="100.0" x="195.0" y="207.3598710049452"></omgdc:Bounds>
      </bpmndi:BPMNShape>
      <bpmndi:BPMNShape bpmnElement="sid-0447876F-F5A8-42CC-90D7-5C559B7DA234" id="BPMNShape_sid-0447876F-F5A8-42CC-90D7-5C559B7DA234">
        <omgdc:Bounds height="30.0" width="30.0" x="1103.0" y="68.3598710049452"></omgdc:Bounds>
      </bpmndi:BPMNShape>
      <bpmndi:BPMNEdge bpmnElement="sid-354442CD-613F-437F-ACE4-6A1378E9EFC3" id="BPMNEdge_sid-354442CD-613F-437F-ACE4-6A1378E9EFC3" flowable:sourceDockerX="80.6549237479336" flowable:sourceDockerY="40.00000000000003" flowable:targetDockerX="20.0" flowable:targetDockerY="20.0">
        <omgdi:waypoint x="800.0240173037323" y="362.277510934232"></omgdi:waypoint>
        <omgdi:waypoint x="972.0" y="362.0"></omgdi:waypoint>
        <omgdi:waypoint x="972.6329752999404" y="266.08912682968014"></omgdi:waypoint>
      </bpmndi:BPMNEdge>
      <bpmndi:BPMNEdge bpmnElement="sid-8E3782FF-23A4-49B8-88B4-09BAA1CA245D" id="BPMNEdge_sid-8E3782FF-23A4-49B8-88B4-09BAA1CA245D" flowable:sourceDockerX="15.0" flowable:sourceDockerY="15.0" flowable:targetDockerX="15.0" flowable:targetDockerY="15.0">
        <omgdi:waypoint x="815.7140684032086" y="385.3518788419658"></omgdi:waypoint>
        <omgdi:waypoint x="877.7642681633084" y="385.1209695148674"></omgdi:waypoint>
      </bpmndi:BPMNEdge>
      <bpmndi:BPMNEdge bpmnElement="sid-741B9A73-C91B-4227-8DAA-E63056DB7492" id="BPMNEdge_sid-741B9A73-C91B-4227-8DAA-E63056DB7492" flowable:sourceDockerX="20.0" flowable:sourceDockerY="20.0" flowable:targetDockerX="80.6549237479336" flowable:targetDockerY="40.00000000000003">
        <omgdi:waypoint x="567.6329752999405" y="266.0891268296802"></omgdi:waypoint>
        <omgdi:waypoint x="567.0" y="362.0"></omgdi:waypoint>
        <omgdi:waypoint x="638.7641698078675" y="362.19195851971136"></omgdi:waypoint>
      </bpmndi:BPMNEdge>
      <bpmndi:BPMNEdge bpmnElement="sid-9612124B-DBE4-4CB3-BD85-19D9659A7FA0" id="BPMNEdge_sid-9612124B-DBE4-4CB3-BD85-19D9659A7FA0" flowable:sourceDockerX="15.0" flowable:sourceDockerY="15.0" flowable:targetDockerX="20.0" flowable:targetDockerY="20.0">
        <omgdi:waypoint x="472.7141682978331" y="246.26999335134542"></omgdi:waypoint>
        <omgdi:waypoint x="547.7641698078755" y="246.26999335134542"></omgdi:waypoint>
      </bpmndi:BPMNEdge>
      <bpmndi:BPMNEdge bpmnElement="sid-20F6B9AF-2F40-46D9-B0AA-740FEB3B63F3" id="BPMNEdge_sid-20F6B9AF-2F40-46D9-B0AA-740FEB3B63F3" flowable:sourceDockerX="15.0" flowable:sourceDockerY="15.0" flowable:targetDockerX="15.0" flowable:targetDockerY="15.0">
        <omgdi:waypoint x="813.8690190494086" y="266.03976800969673"></omgdi:waypoint>
        <omgdi:waypoint x="877.7641698078755" y="266.20973289242903"></omgdi:waypoint>
      </bpmndi:BPMNEdge>
      <bpmndi:BPMNEdge bpmnElement="sid-616D4B7A-3D85-4D81-8F72-3194300F4C02" id="BPMNEdge_sid-616D4B7A-3D85-4D81-8F72-3194300F4C02" flowable:sourceDockerX="356.1846060241344" flowable:sourceDockerY="203.8181578566879" flowable:targetDockerX="14.0" flowable:targetDockerY="14.0">
        <omgdi:waypoint x="1117.3192120482522" y="247.3259457255856"></omgdi:waypoint>
        <omgdi:waypoint x="1185.0" y="247.35405624876034"></omgdi:waypoint>
      </bpmndi:BPMNEdge>
      <bpmndi:BPMNEdge bpmnElement="sid-8D65B5DD-59D2-4AF7-9A39-CD10B3DAA75C" id="BPMNEdge_sid-8D65B5DD-59D2-4AF7-9A39-CD10B3DAA75C" flowable:sourceDockerX="15.0" flowable:sourceDockerY="15.0" flowable:targetDockerX="50.0" flowable:targetDockerY="40.0">
        <omgdi:waypoint x="68.18581950507985" y="247.1922053333932"></omgdi:waypoint>
        <omgdi:waypoint x="195.0" y="247.3124580436255"></omgdi:waypoint>
      </bpmndi:BPMNEdge>
      <bpmndi:BPMNEdge bpmnElement="sid-03C53F81-7F69-45E8-B9F9-4021D23999CC" id="BPMNEdge_sid-03C53F81-7F69-45E8-B9F9-4021D23999CC" flowable:sourceDockerX="80.6549237479336" flowable:sourceDockerY="40.00000000000003" flowable:targetDockerX="20.0" flowable:targetDockerY="20.0">
        <omgdi:waypoint x="800.0240173037427" y="130.00000000000003"></omgdi:waypoint>
        <omgdi:waypoint x="972.0" y="130.0"></omgdi:waypoint>
        <omgdi:waypoint x="972.633580621394" y="226.35970334454402"></omgdi:waypoint>
      </bpmndi:BPMNEdge>
      <bpmndi:BPMNEdge bpmnElement="sid-0B2EF226-36B6-4100-B8AC-2A1E40A85A99" id="BPMNEdge_sid-0B2EF226-36B6-4100-B8AC-2A1E40A85A99" flowable:sourceDockerX="20.0" flowable:sourceDockerY="20.0" flowable:targetDockerX="78.5" flowable:targetDockerY="41.0">
        <omgdi:waypoint x="587.6787156673452" y="246.2344503533303"></omgdi:waypoint>
        <omgdi:waypoint x="640.9190935557948" y="246.1396656164507"></omgdi:waypoint>
      </bpmndi:BPMNEdge>
      <bpmndi:BPMNEdge bpmnElement="sid-158D397E-65C2-430C-97B8-44CF8DC3381E" id="BPMNEdge_sid-158D397E-65C2-430C-97B8-44CF8DC3381E" flowable:sourceDockerX="15.0" flowable:sourceDockerY="15.0" flowable:targetDockerX="15.0" flowable:targetDockerY="15.0">
        <omgdi:waypoint x="815.7140278411538" y="151.93394737353862"></omgdi:waypoint>
        <omgdi:waypoint x="877.7643082702992" y="151.66070620650487"></omgdi:waypoint>
      </bpmndi:BPMNEdge>
      <bpmndi:BPMNEdge bpmnElement="sid-BBB6B4F9-AD68-459B-BAE7-AF218A61AB63" id="BPMNEdge_sid-BBB6B4F9-AD68-459B-BAE7-AF218A61AB63" flowable:sourceDockerX="50.0" flowable:sourceDockerY="40.0" flowable:targetDockerX="356.1846060241344" flowable:targetDockerY="203.8181578566879">
        <omgdi:waypoint x="294.9499999998841" y="247.34225694389133"></omgdi:waypoint>
        <omgdi:waypoint x="404.9999999998458" y="247.30348839551155"></omgdi:waypoint>
      </bpmndi:BPMNEdge>
      <bpmndi:BPMNEdge bpmnElement="sid-1EA35E91-49FF-47DD-886A-A316EF81C505" id="BPMNEdge_sid-1EA35E91-49FF-47DD-886A-A316EF81C505" flowable:sourceDockerX="50.0" flowable:sourceDockerY="40.0" flowable:targetDockerX="14.0" flowable:targetDockerY="14.0">
        <omgdi:waypoint x="1267.7141698078237" y="87.81699964331375"></omgdi:waypoint>
        <omgdi:waypoint x="1312.7641698078755" y="87.81699964331375"></omgdi:waypoint>
      </bpmndi:BPMNEdge>
      <bpmndi:BPMNEdge bpmnElement="sid-8E1F0139-C103-4CF7-80AC-EE44A74926ED" id="BPMNEdge_sid-8E1F0139-C103-4CF7-80AC-EE44A74926ED" flowable:sourceDockerX="15.0" flowable:sourceDockerY="15.0" flowable:targetDockerX="50.0" flowable:targetDockerY="40.0">
        <omgdi:waypoint x="1132.9350602229053" y="84.02713359583109"></omgdi:waypoint>
        <omgdi:waypoint x="1167.7641698078755" y="85.58316727295875"></omgdi:waypoint>
      </bpmndi:BPMNEdge>
      <bpmndi:BPMNEdge bpmnElement="sid-B71F72DC-74AB-4AAA-AC5A-F5E905F3306D" id="BPMNEdge_sid-B71F72DC-74AB-4AAA-AC5A-F5E905F3306D" flowable:sourceDockerX="20.0" flowable:sourceDockerY="20.0" flowable:targetDockerX="80.6549237479336" flowable:targetDockerY="40.00000000000003">
        <omgdi:waypoint x="567.633580621394" y="226.39214239463286"></omgdi:waypoint>
        <omgdi:waypoint x="567.0" y="130.0"></omgdi:waypoint>
        <omgdi:waypoint x="638.7641698078755" y="130.0"></omgdi:waypoint>
      </bpmndi:BPMNEdge>
      <bpmndi:BPMNEdge bpmnElement="sid-38382C0B-46F8-4BD9-8A5D-4F83BF3667B5" id="BPMNEdge_sid-38382C0B-46F8-4BD9-8A5D-4F83BF3667B5" flowable:sourceDockerX="20.0" flowable:sourceDockerY="20.0" flowable:targetDockerX="14.0" flowable:targetDockerY="14.0">
        <omgdi:waypoint x="992.7032485735921" y="246.26999335134542"></omgdi:waypoint>
        <omgdi:waypoint x="1050.0" y="246.26999335134542"></omgdi:waypoint>
      </bpmndi:BPMNEdge>
      <bpmndi:BPMNEdge bpmnElement="sid-718595F6-7E40-4D84-A55F-9750A2333B86" id="BPMNEdge_sid-718595F6-7E40-4D84-A55F-9750A2333B86" flowable:sourceDockerX="78.5" flowable:sourceDockerY="41.0" flowable:targetDockerX="20.0" flowable:targetDockerY="20.0">
        <omgdi:waypoint x="797.8690935557979" y="246.08360524990812"></omgdi:waypoint>
        <omgdi:waypoint x="952.7641698078755" y="246.24870176549703"></omgdi:waypoint>
      </bpmndi:BPMNEdge>
    </bpmndi:BPMNPlane>
  </bpmndi:BPMNDiagram>
</definitions>
